exercise,kind,date,topSetLbs,repsAtTopSet,best10RepsLbs,best12RepsLbs,totalReps,estimated1rmLbs
Incline Barbell Press,loaded,2026-09-14,125.0,6,115.0,95.0,48,153.3
Incline Barbell Press,loaded,2026-09-21,125.0,8,115.0,115.0,52,161.0
Dumbbell Press,loaded,2026-09-14,45.0,7,38.0,30.0,37,55.5
Dumbbell Press,loaded,2026-09-21,50.0,6,45.0,38.0,34,60.0
Incline Dumbbell Flys,loaded,2026-09-14,25.0,8,22.0,20.0,42,31.7
Incline Dumbbell Flys,loaded,2026-09-21,28.0,8,25.0,22.0,42,35.5
Incline Dumbbell Flys,loaded,2026-09-28,28.0,8,25.0,22.0,42,35.5
Machine Flys,loaded,2026-09-14,145.0,8,130.0,115.0,42,183.7
Machine Flys,loaded,2026-09-21,145.0,8,130.0,130.0,40,183.7
Machine Flys,loaded,2026-09-28,145.0,8,130.0,130.0,40,183.7
Assisted Pullups,assisted,2026-09-15,50.0,7,70.0,90.0,47,
Assisted Pullups,assisted,2026-09-23,60.0,8,70.0,90.0,40,
Assisted Pullups,assisted,2026-09-30,60.0,8,70.0,70.0,45,
Bent Over Rows,loaded,2026-09-15,105.0,10,105.0,85.0,57,140.0
Bent Over Rows,loaded,2026-09-23,115.0,10,115.0,105.0,57,153.3
Bent Over Rows,loaded,2026-09-30,135.0,10,135.0,115.0,57,180.0
Lat Pulldowns,loaded,2026-09-15,130.0,8,115.0,100.0,42,164.7
Lat Pulldowns,loaded,2026-09-23,145.0,6,130.0,115.0,40,174.0
Lat Pulldowns,loaded,2026-09-30,145.0,6,130.0,115.0,40,174.0
Seated Cable Rows,loaded,2026-09-15,58.0,12,58.0,58.0,49,81.2
Seated Cable Rows,loaded,2026-09-23,65.0,12,65.0,65.0,51,91.0
Seated Cable Rows,loaded,2026-09-30,65.0,12,65.0,65.0,51,91.0
Machine Crunches,loaded,2026-09-15,15.0,15,15.0,15.0,75,22.5
Machine Crunches,loaded,2026-09-21,20.0,15,20.0,20.0,75,30.0
Machine Crunches,loaded,2026-09-28,20.0,15,20.0,20.0,75,30.0
Dumbbell Shoulder Press,loaded,2026-09-16,45.0,7,38.0,38.0,40,55.5
Dumbbell Shoulder Press,loaded,2026-09-25,52.0,7,42.0,42.0,40,64.1
Dumbbell Shoulder Press,loaded,2026-10-01,52.0,7,42.0,42.0,40,64.1
Dumbbell Shoulder Raises,loaded,2026-09-16,20.0,12,20.0,20.0,51,28.0
Bent Over Dumbbell Raises,loaded,2026-09-16,5.0,12,5.0,5.0,48,7.0
Bent Over Dumbbell Raises,loaded,2026-09-25,8.0,12,8.0,8.0,48,11.2
Bent Over Dumbbell Raises,loaded,2026-10-01,8.0,12,8.0,8.0,48,11.2
Shoulder Raises,loaded,2026-09-25,20.0,12,20.0,20.0,51,28.0
Shoulder Raises,loaded,2026-10-01,20.0,12,20.0,20.0,51,28.0
Assisted Dips,assisted,2026-09-25,30.0,6,50.0,90.0,28,
Assisted Dips,assisted,2026-10-01,30.0,6,50.0,70.0,40,
Cable Rope Extensions,loaded,2026-09-25,45.0,10,45.0,38.0,46,60.0
Cable Rope Extensions,loaded,2026-10-01,45.0,10,45.0,38.0,46,60.0
Barbell Press,loaded,2026-09-28,125.0,8,115.0,115.0,52,161.0
Incline Dumbbell Press,loaded,2026-09-28,48.0,7,45.0,38.0,35,60.0
Cable Shoulder Raises,loaded,2026-10-01,8.0,12,8.0,8.0,36,11.2
Overhead Dumbbell Tricep Extensions,loaded,2026-10-01,25.0,8,22.0,22.0,32,31.7
