date,split,exercise,kind,set,reps,weightLbs
2026-09-14,Chest & Abs,Incline Barbell Press,loaded,1,20,45.0
2026-09-14,Chest & Abs,Incline Barbell Press,loaded,2,12,95.0
2026-09-14,Chest & Abs,Incline Barbell Press,loaded,3,10,115.0
2026-09-14,Chest & Abs,Incline Barbell Press,loaded,4,6,125.0
2026-09-14,Chest & Abs,Dumbell Press,loaded,1,12,30.0
2026-09-14,Chest & Abs,Dumbell Press,loaded,2,10,38.0
2026-09-14,Chest & Abs,Dumbell Press,loaded,3,8,42.0
2026-09-14,Chest & Abs,Dumbell Press,loaded,4,7,45.0
2026-09-14,Chest & Abs,Incline Dumbell Flys,loaded,1,12,18.0
2026-09-14,Chest & Abs,Incline Dumbell Flys,loaded,2,12,20.0
2026-09-14,Chest & Abs,Incline Dumbell Flys,loaded,3,10,22.0
2026-09-14,Chest & Abs,Incline Dumbell Flys,loaded,4,8,25.0
2026-09-14,Chest & Abs,Machine Flys,loaded,1,12,100.0
2026-09-14,Chest & Abs,Machine Flys,loaded,2,12,115.0
2026-09-14,Chest & Abs,Machine Flys,loaded,3,10,130.0
2026-09-14,Chest & Abs,Machine Flys,loaded,4,8,145.0
2026-09-14,Chest & Abs,Leg Raises,bodyweight,1,25,0.0
2026-09-14,Chest & Abs,Leg Raises,bodyweight,2,25,0.0
2026-09-14,Chest & Abs,Leg Raises,bodyweight,3,20,0.0
2026-09-14,Chest & Abs,Leg Raises,bodyweight,4,15,0.0
2026-09-15,Back & Abs,Assited Pullups,assisted,1,18,120.0
2026-09-15,Back & Abs,Assited Pullups,assisted,2,12,90.0
2026-09-15,Back & Abs,Assited Pullups,assisted,3,10,70.0
2026-09-15,Back & Abs,Assited Pullups,assisted,4,7,50.0
2026-09-15,Back & Abs,Bent Over Rows,loaded,1,20,45.0
2026-09-15,Back & Abs,Bent Over Rows,loaded,2,15,65.0
2026-09-15,Back & Abs,Bent Over Rows,loaded,3,12,85.0
2026-09-15,Back & Abs,Bent Over Rows,loaded,4,10,105.0
2026-09-15,Back & Abs,Lat Pulldowns,loaded,1,12,85.0
2026-09-15,Back & Abs,Lat Pulldowns,loaded,2,12,100.0
2026-09-15,Back & Abs,Lat Pulldowns,loaded,3,10,115.0
2026-09-15,Back & Abs,Lat Pulldowns,loaded,4,8,130.0
2026-09-15,Back & Abs,Seated Cable Rows,loaded,1,15,42.0
2026-09-15,Back & Abs,Seated Cable Rows,loaded,2,12,50.0
2026-09-15,Back & Abs,Seated Cable Rows,loaded,3,12,58.0
2026-09-15,Back & Abs,Seated Cable Rows,loaded,4,10,58.0
2026-09-15,Back & Abs,Machine Crunches,loaded,1,20,0.0
2026-09-15,Back & Abs,Machine Crunches,loaded,2,20,5.0
2026-09-15,Back & Abs,Machine Crunches,loaded,3,20,10.0
2026-09-15,Back & Abs,Machine Crunches,loaded,4,15,15.0
2026-09-16,Delts & Tris & Abs,Dumbell Shoulder Press,loaded,1,12,30.0
2026-09-16,Delts & Tris & Abs,Dumbell Shoulder Press,loaded,2,12,38.0
2026-09-16,Delts & Tris & Abs,Dumbell Shoulder Press,loaded,3,9,42.0
2026-09-16,Delts & Tris & Abs,Dumbell Shoulder Press,loaded,4,7,45.0
2026-09-16,Delts & Tris & Abs,Dumbell Shoulder Raises,loaded,1,15,15.0
2026-09-16,Delts & Tris & Abs,Dumbell Shoulder Raises,loaded,2,12,18.0
2026-09-16,Delts & Tris & Abs,Dumbell Shoulder Raises,loaded,3,12,18.0
2026-09-16,Delts & Tris & Abs,Dumbell Shoulder Raises,loaded,4,12,20.0
2026-09-16,Delts & Tris & Abs,Bend Over Dumbell Raises,loaded,1,12,5.0
2026-09-16,Delts & Tris & Abs,Bend Over Dumbell Raises,loaded,2,12,5.0
2026-09-16,Delts & Tris & Abs,Bend Over Dumbell Raises,loaded,3,12,5.0
2026-09-16,Delts & Tris & Abs,Bend Over Dumbell Raises,loaded,4,12,5.0
2026-09-16,Delts & Tris & Abs,Weighted Dips,bodyweight,1,8,0.0
2026-09-16,Delts & Tris & Abs,Weighted Dips,bodyweight,2,8,0.0
2026-09-16,Delts & Tris & Abs,Weighted Dips,bodyweight,3,6,0.0
2026-09-21,Chest & Abs,Incline Barbell Press,loaded,1,20,45.0
2026-09-21,Chest & Abs,Incline Barbell Press,loaded,2,12,95.0
2026-09-21,Chest & Abs,Incline Barbell Press,loaded,3,12,115.0
2026-09-21,Chest & Abs,Incline Barbell Press,loaded,4,8,125.0
2026-09-21,Chest & Abs,Dumbell Press,loaded,1,12,38.0
2026-09-21,Chest & Abs,Dumbell Press,loaded,2,10,45.0
2026-09-21,Chest & Abs,Dumbell Press,loaded,3,6,50.0
2026-09-21,Chest & Abs,Dumbell Press,loaded,4,6,45.0
2026-09-21,Chest & Abs,Incline Dumbell Flys,loaded,1,12,22.0
2026-09-21,Chest & Abs,Incline Dumbell Flys,loaded,2,12,22.0
2026-09-21,Chest & Abs,Incline Dumbell Flys,loaded,3,10,25.0
2026-09-21,Chest & Abs,Incline Dumbell Flys,loaded,4,8,28.0
2026-09-21,Chest & Abs,Machine Flys,loaded,1,12,115.0
2026-09-21,Chest & Abs,Machine Flys,loaded,2,12,130.0
2026-09-21,Chest & Abs,Machine Flys,loaded,3,8,145.0
2026-09-21,Chest & Abs,Machine Flys,loaded,4,8,145.0
2026-09-21,Chest & Abs,Machine Crunches,loaded,1,20,5.0
2026-09-21,Chest & Abs,Machine Crunches,loaded,2,20,10.0
2026-09-21,Chest & Abs,Machine Crunches,loaded,3,20,15.0
2026-09-21,Chest & Abs,Machine Crunches,loaded,4,15,20.0
2026-09-23,Back & Abs,Assited Pullups,assisted,1,15,90.0
2026-09-23,Back & Abs,Assited Pullups,assisted,2,10,70.0
2026-09-23,Back & Abs,Assited Pullups,assisted,3,8,60.0
2026-09-23,Back & Abs,Assited Pullups,assisted,4,7,70.0
2026-09-23,Back & Abs,Bent Over Rows,loaded,1,20,65.0
2026-09-23,Back & Abs,Bent Over Rows,loaded,2,15,85.0
2026-09-23,Back & Abs,Bent Over Rows,loaded,3,12,105.0
2026-09-23,Back & Abs,Bent Over Rows,loaded,4,10,115.0
2026-09-23,Back & Abs,Lat Pulldowns,loaded,1,12,100.0
2026-09-23,Back & Abs,Lat Pulldowns,loaded,2,12,115.0
2026-09-23,Back & Abs,Lat Pulldowns,loaded,3,10,130.0
2026-09-23,Back & Abs,Lat Pulldowns,loaded,4,6,145.0
2026-09-23,Back & Abs,Seated Cable Rows,loaded,1,15,42.0
2026-09-23,Back & Abs,Seated Cable Rows,loaded,2,12,50.0
2026-09-23,Back & Abs,Seated Cable Rows,loaded,3,12,58.0
2026-09-23,Back & Abs,Seated Cable Rows,loaded,4,12,65.0
2026-09-23,Back & Abs,Decline Situps,bodyweight,1,25,0.0
2026-09-23,Back & Abs,Decline Situps,bodyweight,2,25,0.0
2026-09-23,Back & Abs,Decline Situps,bodyweight,3,20,0.0
2026-09-23,Back & Abs,Decline Situps,bodyweight,4,15,0.0
2026-09-25,Delts & Tris & Abs,Dumbell Shoulder Press,loaded,1,12,35.0
2026-09-25,Delts & Tris & Abs,Dumbell Shoulder Press,loaded,2,12,42.0
2026-09-25,Delts & Tris & Abs,Dumbell Shoulder Press,loaded,3,9,48.0
2026-09-25,Delts & Tris & Abs,Dumbell Shoulder Press,loaded,4,7,52.0
2026-09-25,Delts & Tris & Abs,Shoulder Raises,loaded,1,15,15.0
2026-09-25,Delts & Tris & Abs,Shoulder Raises,loaded,2,12,18.0
2026-09-25,Delts & Tris & Abs,Shoulder Raises,loaded,3,12,18.0
2026-09-25,Delts & Tris & Abs,Shoulder Raises,loaded,4,12,20.0
2026-09-25,Delts & Tris & Abs,Bend Over Dumbell Raises,loaded,1,12,8.0
2026-09-25,Delts & Tris & Abs,Bend Over Dumbell Raises,loaded,2,12,8.0
2026-09-25,Delts & Tris & Abs,Bend Over Dumbell Raises,loaded,3,12,8.0
2026-09-25,Delts & Tris & Abs,Bend Over Dumbell Raises,loaded,4,12,8.0
2026-09-25,Delts & Tris & Abs,Assited Dips,assisted,1,12,90.0
2026-09-25,Delts & Tris & Abs,Assited Dips,assisted,2,10,50.0
2026-09-25,Delts & Tris & Abs,Assited Dips,assisted,3,6,30.0
2026-09-25,Delts & Tris & Abs,Cable Rope Extensions,loaded,1,12,30.0
2026-09-25,Delts & Tris & Abs,Cable Rope Extensions,loaded,2,12,38.0
2026-09-25,Delts & Tris & Abs,Cable Rope Extensions,loaded,3,12,38.0
2026-09-25,Delts & Tris & Abs,Cable Rope Extensions,loaded,4,10,45.0
2026-09-28,Chest & Abs,Barbell Press,loaded,1,20,45.0
2026-09-28,Chest & Abs,Barbell Press,loaded,2,12,95.0
2026-09-28,Chest & Abs,Barbell Press,loaded,3,12,115.0
2026-09-28,Chest & Abs,Barbell Press,loaded,4,8,125.0
2026-09-28,Chest & Abs,Incline Dumbell Press,loaded,1,12,38.0
2026-09-28,Chest & Abs,Incline Dumbell Press,loaded,2,10,45.0
2026-09-28,Chest & Abs,Incline Dumbell Press,loaded,3,7,48.0
2026-09-28,Chest & Abs,Incline Dumbell Press,loaded,4,6,45.0
2026-09-28,Chest & Abs,Incline Dumbell Flys,loaded,1,12,22.0
2026-09-28,Chest & Abs,Incline Dumbell Flys,loaded,2,12,22.0
2026-09-28,Chest & Abs,Incline Dumbell Flys,loaded,3,10,25.0
2026-09-28,Chest & Abs,Incline Dumbell Flys,loaded,4,8,28.0
2026-09-28,Chest & Abs,Machine Flys,loaded,1,12,115.0
2026-09-28,Chest & Abs,Machine Flys,loaded,2,12,130.0
2026-09-28,Chest & Abs,Machine Flys,loaded,3,8,145.0
2026-09-28,Chest & Abs,Machine Flys,loaded,4,8,145.0
2026-09-28,Chest & Abs,Machine Crunches,loaded,1,20,5.0
2026-09-28,Chest & Abs,Machine Crunches,loaded,2,20,10.0
2026-09-28,Chest & Abs,Machine Crunches,loaded,3,20,15.0
2026-09-28,Chest & Abs,Machine Crunches,loaded,4,15,20.0
2026-09-30,Back & Abs,Assited Pullups,assisted,1,15,90.0
2026-09-30,Back & Abs,Assited Pullups,assisted,2,12,70.0
2026-09-30,Back & Abs,Assited Pullups,assisted,3,10,70.0
2026-09-30,Back & Abs,Assited Pullups,assisted,4,8,60.0
2026-09-30,Back & Abs,Bent Over Rows,loaded,1,20,65.0
2026-09-30,Back & Abs,Bent Over Rows,loaded,2,15,95.0
2026-09-30,Back & Abs,Bent Over Rows,loaded,3,12,115.0
2026-09-30,Back & Abs,Bent Over Rows,loaded,4,10,135.0
2026-09-30,Back & Abs,Lat Pulldowns,loaded,1,12,100.0
2026-09-30,Back & Abs,Lat Pulldowns,loaded,2,12,115.0
2026-09-30,Back & Abs,Lat Pulldowns,loaded,3,10,130.0
2026-09-30,Back & Abs,Lat Pulldowns,loaded,4,6,145.0
2026-09-30,Back & Abs,Seated Cable Rows,loaded,1,15,50.0
2026-09-30,Back & Abs,Seated Cable Rows,loaded,2,12,58.0
2026-09-30,Back & Abs,Seated Cable Rows,loaded,3,12,65.0
2026-09-30,Back & Abs,Seated Cable Rows,loaded,4,12,65.0
2026-09-30,Back & Abs,Decline Situps,bodyweight,1,25,0.0
2026-09-30,Back & Abs,Decline Situps,bodyweight,2,25,0.0
2026-09-30,Back & Abs,Decline Situps,bodyweight,3,25,0.0
2026-09-30,Back & Abs,Decline Situps,bodyweight,4,20,0.0
2026-09-30,Back & Abs,Decline Situps,bodyweight,5,18,0.0
2026-10-01,Shoulders & Tris & Abs,Dumbell Shoulder Press,loaded,1,12,35.0
2026-10-01,Shoulders & Tris & Abs,Dumbell Shoulder Press,loaded,2,12,42.0
2026-10-01,Shoulders & Tris & Abs,Dumbell Shoulder Press,loaded,3,9,48.0
2026-10-01,Shoulders & Tris & Abs,Dumbell Shoulder Press,loaded,4,7,52.0
2026-10-01,Shoulders & Tris & Abs,Shoulder Raises,loaded,1,15,15.0
2026-10-01,Shoulders & Tris & Abs,Shoulder Raises,loaded,2,12,18.0
2026-10-01,Shoulders & Tris & Abs,Shoulder Raises,loaded,3,12,18.0
2026-10-01,Shoulders & Tris & Abs,Shoulder Raises,loaded,4,12,20.0
2026-10-01,Shoulders & Tris & Abs,Bend Over Dumbell Raises,loaded,1,12,8.0
2026-10-01,Shoulders & Tris & Abs,Bend Over Dumbell Raises,loaded,2,12,8.0
2026-10-01,Shoulders & Tris & Abs,Bend Over Dumbell Raises,loaded,3,12,8.0
2026-10-01,Shoulders & Tris & Abs,Bend Over Dumbell Raises,loaded,4,12,8.0
2026-10-01,Shoulders & Tris & Abs,Assited Dips,assisted,1,12,90.0
2026-10-01,Shoulders & Tris & Abs,Assited Dips,assisted,2,12,70.0
2026-10-01,Shoulders & Tris & Abs,Assited Dips,assisted,3,10,50.0
2026-10-01,Shoulders & Tris & Abs,Assited Dips,assisted,4,6,30.0
2026-10-01,Shoulders & Tris & Abs,Cable Rope Extensions,loaded,1,12,30.0
2026-10-01,Shoulders & Tris & Abs,Cable Rope Extensions,loaded,2,12,38.0
2026-10-01,Shoulders & Tris & Abs,Cable Rope Extensions,loaded,3,12,38.0
2026-10-01,Shoulders & Tris & Abs,Cable Rope Extensions,loaded,4,10,45.0
2026-10-01,Shoulders & Tris & Abs,Cable Shoulder Raises,loaded,1,12,3.0
2026-10-01,Shoulders & Tris & Abs,Cable Shoulder Raises,loaded,2,12,5.0
2026-10-01,Shoulders & Tris & Abs,Cable Shoulder Raises,loaded,3,12,8.0
2026-10-01,Shoulders & Tris & Abs,Overhead Dumbell Tricep Extensions,loaded,1,12,18.0
2026-10-01,Shoulders & Tris & Abs,Overhead Dumbell Tricep Extensions,loaded,2,12,22.0
2026-10-01,Shoulders & Tris & Abs,Overhead Dumbell Tricep Extensions,loaded,3,8,25.0
2026-10-01,Shoulders & Tris & Abs,Leg Raises,bodyweight,1,25,0.0
2026-10-01,Shoulders & Tris & Abs,Leg Raises,bodyweight,2,25,0.0
2026-10-01,Shoulders & Tris & Abs,Leg Raises,bodyweight,3,20,0.0
2026-10-01,Shoulders & Tris & Abs,Leg Raises,bodyweight,4,20,0.0
2026-10-01,Shoulders & Tris & Abs,Leg Raises,bodyweight,5,15,0.0
