date,meters,sets,setMeters,strokeOrder,cumulativeMeters
2026-09-21,1600,4,400,Fly-Back_Breast-Free,1600
2026-09-23,1600,4,400,Fly-Back_Breast-Free,3200
2026-09-25,1600,4,400,Fly-Back_Breast-Free,4800
2026-09-26,1600,4,400,Fly-Back_Breast-Free,6400
2026-09-28,2000,5,400,Fly-Back_Breast-Free,8400
2026-09-30,2000,5,400,Fly-Back_Breast-Free,10400
2026-10-01,2000,5,400,Fly-Back_Breast-Free,12400
2026-10-02,1600,4,400,Fly-Back_Breast-Free,14000
2026-10-04,2400,6,400,Fly-Back_Breast-Free,16400
