seriesId,date,session,sequenceIndex,round,winner,played,raw,seconds,status,note
2026-08-07-1,2026-08-07,1,1,5,O,True,3:35,215,valid,
2026-08-08-1,2026-08-08,1,2,5,O,True,3:13,193,valid,
2026-09-07-1,2026-09-07,1,3,3,L,True,4:56,296,valid,
2026-09-07-2,2026-09-07,2,4,3,L,True,1:22,82,valid,
2026-09-10-1,2026-09-10,1,5,5,L,True,TBD,,pending,
2026-09-10-2,2026-09-10,2,6,,,False,,,not-played,
2026-09-11-1,2026-09-11,1,7,4,L,True,3:02,182,valid,barely
2026-09-11-2,2026-09-11,2,8,3,L,True,2:05,125,valid,
2026-09-11-3,2026-09-11,3,9,3,L,True,3:45,225,valid,
2026-09-13-1,2026-09-13,1,10,5,L,True,2:43,163,valid,
2026-09-13-2,2026-09-13,2,11,3,L,True,4:54,294,valid,
2026-09-16-1,2026-09-16,1,12,4,O,True,5:00,300,valid,
2026-09-16-2,2026-09-16,2,13,2,L,True,N/A,,not-recorded,
