previousChallenge,nextChallenge,count
shooting,shooting,0
shooting,bump,3
shooting,horse,4
shooting,backboard,3
shooting,three-point,1
shooting,rim,0
shooting,one-on-one,2
bump,shooting,0
bump,bump,0
bump,horse,1
bump,backboard,1
bump,three-point,3
bump,rim,1
bump,one-on-one,0
horse,shooting,0
horse,bump,2
horse,horse,0
horse,backboard,1
horse,three-point,4
horse,rim,1
horse,one-on-one,1
backboard,shooting,0
backboard,bump,1
backboard,horse,0
backboard,backboard,0
backboard,three-point,3
backboard,rim,5
backboard,one-on-one,2
three-point,shooting,0
three-point,bump,2
three-point,horse,1
three-point,backboard,6
three-point,three-point,0
three-point,rim,3
three-point,one-on-one,0
rim,shooting,0
rim,bump,3
rim,horse,1
rim,backboard,0
rim,three-point,0
rim,rim,0
rim,one-on-one,1
one-on-one,shooting,0
one-on-one,bump,0
one-on-one,horse,2
one-on-one,backboard,1
one-on-one,three-point,1
one-on-one,rim,0
one-on-one,one-on-one,0
