seriesId,date,session,previousRound,nextRound,prevWinner,inferredPicker,previousChallenge,nextChallenge,nextWinner,retained
2026-08-07-1,2026-08-07,1,1,2,L,L,shooting,bump,O,False
2026-08-07-1,2026-08-07,1,2,3,O,O,bump,horse,L,False
2026-08-07-1,2026-08-07,1,3,4,L,L,horse,backboard,L,True
2026-08-07-1,2026-08-07,1,4,5,L,L,backboard,three-point,O,False
2026-08-07-1,2026-08-07,1,5,6,O,O,three-point,rim,L,False
2026-08-08-1,2026-08-08,1,1,2,O,O,shooting,horse,O,True
2026-08-08-1,2026-08-08,1,2,3,O,O,horse,bump,L,False
2026-08-08-1,2026-08-08,1,3,4,L,L,bump,backboard,L,True
2026-08-08-1,2026-08-08,1,4,5,L,L,backboard,three-point,O,False
2026-08-08-1,2026-08-08,1,5,6,O,O,three-point,rim,O,True
2026-09-07-1,2026-09-07,1,1,2,L,L,shooting,bump,L,True
2026-09-07-1,2026-09-07,1,2,3,L,L,bump,three-point,L,True
2026-09-07-1,2026-09-07,1,3,4,L,L,three-point,backboard,L,True
2026-09-07-2,2026-09-07,2,1,2,O,O,shooting,horse,L,False
2026-09-07-2,2026-09-07,2,2,3,L,L,horse,three-point,L,True
2026-09-07-2,2026-09-07,2,3,4,L,L,three-point,backboard,L,True
2026-09-07-2,2026-09-07,2,4,5,L,L,backboard,one-on-one,L,True
2026-09-10-1,2026-09-10,1,1,2,O,O,shooting,horse,L,False
2026-09-10-1,2026-09-10,1,2,3,L,L,horse,one-on-one,L,True
2026-09-10-1,2026-09-10,1,3,4,L,L,one-on-one,backboard,O,False
2026-09-10-1,2026-09-10,1,4,5,O,O,backboard,three-point,L,False
2026-09-10-1,2026-09-10,1,5,6,L,L,three-point,rim,O,False
2026-09-10-1,2026-09-10,1,6,7,O,O,rim,bump,L,False
2026-09-10-2,2026-09-10,2,1,2,L,L,shooting,backboard,L,True
2026-09-10-2,2026-09-10,2,2,3,L,L,backboard,one-on-one,O,False
2026-09-10-2,2026-09-10,2,3,4,O,O,one-on-one,horse,O,True
2026-09-10-2,2026-09-10,2,4,5,O,O,horse,bump,L,False
2026-09-10-2,2026-09-10,2,5,6,L,L,bump,rim,L,True
2026-09-11-1,2026-09-11,1,1,2,L,L,shooting,one-on-one,O,False
2026-09-11-1,2026-09-11,1,2,3,O,O,one-on-one,horse,O,True
2026-09-11-1,2026-09-11,1,3,4,O,O,horse,three-point,L,False
2026-09-11-1,2026-09-11,1,4,5,L,L,three-point,backboard,L,True
2026-09-11-1,2026-09-11,1,5,6,L,L,backboard,rim,L,True
2026-09-11-2,2026-09-11,2,1,2,L,L,shooting,one-on-one,L,True
2026-09-11-2,2026-09-11,2,2,3,L,L,one-on-one,three-point,L,True
2026-09-11-2,2026-09-11,2,3,4,L,L,three-point,bump,L,True
2026-09-11-3,2026-09-11,3,1,2,O,O,shooting,horse,O,True
2026-09-11-3,2026-09-11,3,2,3,O,O,horse,three-point,L,False
2026-09-11-3,2026-09-11,3,3,4,L,L,three-point,backboard,L,True
2026-09-11-3,2026-09-11,3,4,5,L,L,backboard,rim,L,True
2026-09-11-3,2026-09-11,3,5,6,L,L,rim,bump,L,True
2026-09-13-1,2026-09-13,1,1,2,L,L,shooting,backboard,L,True
2026-09-13-1,2026-09-13,1,2,3,L,L,backboard,rim,O,False
2026-09-13-1,2026-09-13,1,3,4,O,O,rim,horse,O,True
2026-09-13-1,2026-09-13,1,4,5,O,O,horse,three-point,L,False
2026-09-13-1,2026-09-13,1,5,6,L,L,three-point,bump,L,True
2026-09-13-2,2026-09-13,2,1,2,O,O,shooting,bump,L,False
2026-09-13-2,2026-09-13,2,2,3,L,L,bump,three-point,L,True
2026-09-13-2,2026-09-13,2,3,4,L,L,three-point,backboard,O,False
2026-09-13-2,2026-09-13,2,4,5,O,O,backboard,rim,L,False
2026-09-13-2,2026-09-13,2,5,6,L,L,rim,one-on-one,L,True
2026-09-16-1,2026-09-16,1,1,2,L,L,shooting,backboard,L,True
2026-09-16-1,2026-09-16,1,2,3,L,L,backboard,bump,L,True
2026-09-16-1,2026-09-16,1,3,4,L,L,bump,three-point,O,False
2026-09-16-1,2026-09-16,1,4,5,O,O,three-point,horse,O,True
2026-09-16-1,2026-09-16,1,5,6,O,O,horse,rim,L,False
2026-09-16-2,2026-09-16,2,1,2,O,O,shooting,three-point,L,False
2026-09-16-2,2026-09-16,2,2,3,L,L,three-point,backboard,L,True
2026-09-16-2,2026-09-16,2,3,4,L,L,backboard,rim,L,True
2026-09-16-2,2026-09-16,2,4,5,L,L,rim,bump,L,True
