player,nextChallenge,countPicks,countWins,countLosses,pickerTotal,choiceShare,winRate
L,shooting,0,0,0,38,0.0,
L,bump,7,6,1,38,0.18421052631578946,0.8571428571428571
L,horse,0,0,0,38,0.0,
L,backboard,12,10,2,38,0.3157894736842105,0.8333333333333334
L,three-point,7,4,3,38,0.18421052631578946,0.5714285714285714
L,rim,6,4,2,38,0.15789473684210525,0.6666666666666666
L,one-on-one,6,4,2,38,0.15789473684210525,0.6666666666666666
O,shooting,0,0,0,22,0.0,
O,bump,4,0,4,22,0.18181818181818182,0.0
O,horse,9,6,3,22,0.4090909090909091,0.6666666666666666
O,backboard,0,0,0,22,0.0,
O,three-point,5,0,5,22,0.22727272727272727,0.0
O,rim,4,1,3,22,0.18181818181818182,0.25
O,one-on-one,0,0,0,22,0.0,
