date,sourceDate,session,sourceIndex,sequenceIndex,seriesId,order,roundCount,winner,loser,finalScore,sweep,decider,openingWinner,openingWinnerWonSeries,winnerMaxDeficit,comeback,court,rimHeightInches,transitionCount,retentions,switches,retentionRate,switchRate,winsL,winsO,duplicateChallenges,note
2026-08-07,8/7/2026,1,1,1,2026-08-07-1,LOLLOL,6,L,O,4-2,False,False,L,True,0,False,Left Court,114,5,1,4,0.2,0.8,4,2,,
2026-08-08,8/8/2026,1,2,2,2026-08-08-1,OOLLOO,6,O,L,4-2,False,False,O,True,0,False,Left Court,114,5,3,2,0.6,0.4,2,4,,
2026-09-07,9/7/2026,1,3,3,2026-09-07-1,LLLL,4,L,O,4-0,True,False,L,True,0,False,,,3,3,0,1.0,0.0,4,0,,
2026-09-07,9/7/2026,2,4,4,2026-09-07-2,OLLLL,5,L,O,4-1,False,False,O,False,1,True,,,4,3,1,0.75,0.25,4,1,,
2026-09-10,9/10/2026,1,5,5,2026-09-10-1,OLLOLOL,7,L,O,4-3,False,True,O,False,1,True,,,6,1,5,0.16666666666666666,0.8333333333333334,4,3,,
2026-09-10,9/10/2026,2,6,6,2026-09-10-2,LLOOLL,6,L,O,4-2,False,False,L,True,0,False,,,5,3,2,0.6,0.4,4,2,,
2026-09-11,9/11/2026,1,7,7,2026-09-11-1,LOOLLL,6,L,O,4-2,False,False,L,True,1,True,,,5,3,2,0.6,0.4,4,2,,
2026-09-11,9/11/2026,2,8,8,2026-09-11-2,LLLL,4,L,O,4-0,True,False,L,True,0,False,,,3,3,0,1.0,0.0,4,0,,
2026-09-11,9/11/2026,3,9,9,2026-09-11-3,OOLLLL,6,L,O,4-2,False,False,O,False,2,True,,,5,4,1,0.8,0.2,4,2,,
2026-09-13,9/13/2026,1,10,10,2026-09-13-1,LLOOLL,6,L,O,4-2,False,False,L,True,0,False,,,5,3,2,0.6,0.4,4,2,,
2026-09-13,9/13/2026,2,11,11,2026-09-13-2,OLLOLL,6,L,O,4-2,False,False,O,False,1,True,,,5,2,3,0.4,0.6,4,2,,
2026-09-16,9/16/2026,1,12,12,2026-09-16-1,LLLOOL,6,L,O,4-2,False,False,L,True,0,False,,,5,3,2,0.6,0.4,4,2,,
2026-09-16,9/16/2026,2,13,13,2026-09-16-2,OLLLL,5,L,O,4-1,False,False,O,False,1,True,,,4,3,1,0.75,0.25,4,1,,
