date,sourceDate,session,sourceIndex,sequenceIndex,seriesId,round,challenge,winner,loser,note,court,rimHeightInches,cumulativeL,cumulativeO,margin,inferredPicker,previousWinner,retained,scoreRaw,scoreNormalized,scoreStatus,winnerPoints,loserPoints,timeRaw,timeSeconds,timeStatus
2026-08-07,8/7/2026,1,1,1,2026-08-07-1,1,shooting,L,O,,Left Court,114,1,0,1,,,,,,not-applicable,,,,,not-applicable
2026-08-07,8/7/2026,1,1,1,2026-08-07-1,2,bump,O,L,,Left Court,114,1,1,0,L,L,False,5-1,,recorded-uninterpreted,,,,,not-applicable
2026-08-07,8/7/2026,1,1,1,2026-08-07-1,3,horse,L,O,,Left Court,114,2,1,1,O,O,False,5-3,,recorded-uninterpreted,,,,,not-applicable
2026-08-07,8/7/2026,1,1,1,2026-08-07-1,4,backboard,L,O,Logo very front,Left Court,114,3,1,2,L,L,True,,,not-applicable,,,,,not-applicable
2026-08-07,8/7/2026,1,1,1,2026-08-07-1,5,three-point,O,L,,Left Court,114,3,2,1,L,L,False,,,not-applicable,,,3:35,215,valid
2026-08-07,8/7/2026,1,1,1,2026-08-07-1,6,rim,L,O,Logo very front,Left Court,114,4,2,2,O,O,False,,,not-applicable,,,,,not-applicable
2026-08-08,8/8/2026,1,2,2,2026-08-08-1,1,shooting,O,L,,Left Court,114,0,1,-1,,,,,,not-applicable,,,,,not-applicable
2026-08-08,8/8/2026,1,2,2,2026-08-08-1,2,horse,O,L,,Left Court,114,0,2,-2,O,O,True,5-1,,recorded-uninterpreted,,,,,not-applicable
2026-08-08,8/8/2026,1,2,2,2026-08-08-1,3,bump,L,O,,Left Court,114,1,2,-1,O,O,False,5-3,,recorded-uninterpreted,,,,,not-applicable
2026-08-08,8/8/2026,1,2,2,2026-08-08-1,4,backboard,L,O,2ft behind 3pt line,Left Court,114,2,2,0,L,L,True,,,not-applicable,,,,,not-applicable
2026-08-08,8/8/2026,1,2,2,2026-08-08-1,5,three-point,O,L,,Left Court,114,2,3,-1,L,L,False,,,not-applicable,,,3:13,193,valid
2026-08-08,8/8/2026,1,2,2,2026-08-08-1,6,rim,O,L,free throw line,Left Court,114,2,4,-2,O,O,True,,,not-applicable,,,,,not-applicable
2026-09-07,9/7/2026,1,3,3,2026-09-07-1,1,shooting,L,O,,,,1,0,1,,,,,,not-applicable,,,,,not-applicable
2026-09-07,9/7/2026,1,3,3,2026-09-07-1,2,bump,L,O,,,,2,0,2,L,L,True,5-2,,recorded-uninterpreted,,,,,not-applicable
2026-09-07,9/7/2026,1,3,3,2026-09-07-1,3,three-point,L,O,,,,3,0,3,L,L,True,,,not-applicable,,,4:56,296,valid
2026-09-07,9/7/2026,1,3,3,2026-09-07-1,4,backboard,L,O,,,,4,0,4,L,L,True,,,not-applicable,,,,,not-applicable
2026-09-07,9/7/2026,2,4,4,2026-09-07-2,1,shooting,O,L,,,,0,1,-1,,,,,,not-applicable,,,,,not-applicable
2026-09-07,9/7/2026,2,4,4,2026-09-07-2,2,horse,L,O,,,,1,1,0,O,O,False,5-4,,recorded-uninterpreted,,,,,not-applicable
2026-09-07,9/7/2026,2,4,4,2026-09-07-2,3,three-point,L,O,,,,2,1,1,L,L,True,,,not-applicable,,,1:22,82,valid
2026-09-07,9/7/2026,2,4,4,2026-09-07-2,4,backboard,L,O,,,,3,1,2,L,L,True,,,not-applicable,,,,,not-applicable
2026-09-07,9/7/2026,2,4,4,2026-09-07-2,5,one-on-one,L,O,,,,4,1,3,L,L,True,7-5,7-5,winner-loser-points,7,5,,,not-applicable
2026-09-10,9/10/2026,1,5,5,2026-09-10-1,1,shooting,O,L,,,,0,1,-1,,,,,,not-applicable,,,,,not-applicable
2026-09-10,9/10/2026,1,5,5,2026-09-10-1,2,horse,L,O,,,,1,1,0,O,O,False,,,not-recorded,,,,,not-applicable
2026-09-10,9/10/2026,1,5,5,2026-09-10-1,3,one-on-one,L,O,,,,2,1,1,L,L,True,7:3,7-3,winner-loser-points,7,3,,,not-applicable
2026-09-10,9/10/2026,1,5,5,2026-09-10-1,4,backboard,O,L,,,,2,2,0,L,L,False,,,not-applicable,,,,,not-applicable
2026-09-10,9/10/2026,1,5,5,2026-09-10-1,5,three-point,L,O,,,,3,2,1,O,O,False,,,not-applicable,,,TBD,,pending
2026-09-10,9/10/2026,1,5,5,2026-09-10-1,6,rim,O,L,,,,3,3,0,L,L,False,,,not-applicable,,,,,not-applicable
2026-09-10,9/10/2026,1,5,5,2026-09-10-1,7,bump,L,O,,,,4,3,1,O,O,False,5-2,,recorded-uninterpreted,,,,,not-applicable
2026-09-10,9/10/2026,2,6,6,2026-09-10-2,1,shooting,L,O,,,,1,0,1,,,,,,not-applicable,,,,,not-applicable
2026-09-10,9/10/2026,2,6,6,2026-09-10-2,2,backboard,L,O,,,,2,0,2,L,L,True,,,not-applicable,,,,,not-applicable
2026-09-10,9/10/2026,2,6,6,2026-09-10-2,3,one-on-one,O,L,,,,2,1,1,L,L,False,7-4,7-4,winner-loser-points,7,4,,,not-applicable
2026-09-10,9/10/2026,2,6,6,2026-09-10-2,4,horse,O,L,,,,2,2,0,O,O,True,,,not-recorded,,,,,not-applicable
2026-09-10,9/10/2026,2,6,6,2026-09-10-2,5,bump,L,O,,,,3,2,1,O,O,False,5-4,,recorded-uninterpreted,,,,,not-applicable
2026-09-10,9/10/2026,2,6,6,2026-09-10-2,6,rim,L,O,,,,4,2,2,L,L,True,,,not-applicable,,,,,not-applicable
2026-09-11,9/11/2026,1,7,7,2026-09-11-1,1,shooting,L,O,,,,1,0,1,,,,,,not-applicable,,,,,not-applicable
2026-09-11,9/11/2026,1,7,7,2026-09-11-1,2,one-on-one,O,L,,,,1,1,0,L,L,False,7-3,7-3,winner-loser-points,7,3,,,not-applicable
2026-09-11,9/11/2026,1,7,7,2026-09-11-1,3,horse,O,L,,,,1,2,-1,O,O,True,5-2,,recorded-uninterpreted,,,,,not-applicable
2026-09-11,9/11/2026,1,7,7,2026-09-11-1,4,three-point,L,O,barely,,,2,2,0,O,O,False,,,not-applicable,,,3:02,182,valid
2026-09-11,9/11/2026,1,7,7,2026-09-11-1,5,backboard,L,O,,,,3,2,1,L,L,True,,,not-applicable,,,,,not-applicable
2026-09-11,9/11/2026,1,7,7,2026-09-11-1,6,rim,L,O,,,,4,2,2,L,L,True,,,not-applicable,,,,,not-applicable
2026-09-11,9/11/2026,2,8,8,2026-09-11-2,1,shooting,L,O,,,,1,0,1,,,,,,not-applicable,,,,,not-applicable
2026-09-11,9/11/2026,2,8,8,2026-09-11-2,2,one-on-one,L,O,,,,2,0,2,L,L,True,7-3,7-3,winner-loser-points,7,3,,,not-applicable
2026-09-11,9/11/2026,2,8,8,2026-09-11-2,3,three-point,L,O,,,,3,0,3,L,L,True,,,not-applicable,,,2:05,125,valid
2026-09-11,9/11/2026,2,8,8,2026-09-11-2,4,bump,L,O,,,,4,0,4,L,L,True,5-3,,recorded-uninterpreted,,,,,not-applicable
2026-09-11,9/11/2026,3,9,9,2026-09-11-3,1,shooting,O,L,,,,0,1,-1,,,,,,not-applicable,,,,,not-applicable
2026-09-11,9/11/2026,3,9,9,2026-09-11-3,2,horse,O,L,,,,0,2,-2,O,O,True,5-1,,recorded-uninterpreted,,,,,not-applicable
2026-09-11,9/11/2026,3,9,9,2026-09-11-3,3,three-point,L,O,,,,1,2,-1,O,O,False,,,not-applicable,,,3:45,225,valid
2026-09-11,9/11/2026,3,9,9,2026-09-11-3,4,backboard,L,O,,,,2,2,0,L,L,True,,,not-applicable,,,,,not-applicable
2026-09-11,9/11/2026,3,9,9,2026-09-11-3,5,rim,L,O,,,,3,2,1,L,L,True,,,not-applicable,,,,,not-applicable
2026-09-11,9/11/2026,3,9,9,2026-09-11-3,6,bump,L,O,,,,4,2,2,L,L,True,5-1,,recorded-uninterpreted,,,,,not-applicable
2026-09-13,9/13/2026,1,10,10,2026-09-13-1,1,shooting,L,O,,,,1,0,1,,,,,,not-applicable,,,,,not-applicable
2026-09-13,9/13/2026,1,10,10,2026-09-13-1,2,backboard,L,O,,,,2,0,2,L,L,True,,,not-applicable,,,,,not-applicable
2026-09-13,9/13/2026,1,10,10,2026-09-13-1,3,rim,O,L,,,,2,1,1,L,L,False,,,not-applicable,,,,,not-applicable
2026-09-13,9/13/2026,1,10,10,2026-09-13-1,4,horse,O,L,,,,2,2,0,O,O,True,5-4,,recorded-uninterpreted,,,,,not-applicable
2026-09-13,9/13/2026,1,10,10,2026-09-13-1,5,three-point,L,O,,,,3,2,1,O,O,False,,,not-applicable,,,2:43,163,valid
2026-09-13,9/13/2026,1,10,10,2026-09-13-1,6,bump,L,O,,,,4,2,2,L,L,True,5-2,,recorded-uninterpreted,,,,,not-applicable
2026-09-13,9/13/2026,2,11,11,2026-09-13-2,1,shooting,O,L,,,,0,1,-1,,,,,,not-applicable,,,,,not-applicable
2026-09-13,9/13/2026,2,11,11,2026-09-13-2,2,bump,L,O,,,,1,1,0,O,O,False,5-0,,recorded-uninterpreted,,,,,not-applicable
2026-09-13,9/13/2026,2,11,11,2026-09-13-2,3,three-point,L,O,,,,2,1,1,L,L,True,,,not-applicable,,,4:54,294,valid
2026-09-13,9/13/2026,2,11,11,2026-09-13-2,4,backboard,O,L,got to half court,,,2,2,0,L,L,False,,,not-applicable,,,,,not-applicable
2026-09-13,9/13/2026,2,11,11,2026-09-13-2,5,rim,L,O,,,,3,2,1,O,O,False,,,not-applicable,,,,,not-applicable
2026-09-13,9/13/2026,2,11,11,2026-09-13-2,6,one-on-one,L,O,,,,4,2,2,L,L,True,7-3,7-3,winner-loser-points,7,3,,,not-applicable
2026-09-16,9/16/2026,1,12,12,2026-09-16-1,1,shooting,L,O,,,,1,0,1,,,,,,not-applicable,,,,,not-applicable
2026-09-16,9/16/2026,1,12,12,2026-09-16-1,2,backboard,L,O,,,,2,0,2,L,L,True,,,not-applicable,,,,,not-applicable
2026-09-16,9/16/2026,1,12,12,2026-09-16-1,3,bump,L,O,,,,3,0,3,L,L,True,5-0,,recorded-uninterpreted,,,,,not-applicable
2026-09-16,9/16/2026,1,12,12,2026-09-16-1,4,three-point,O,L,,,,3,1,2,L,L,False,,,not-applicable,,,5:00,300,valid
2026-09-16,9/16/2026,1,12,12,2026-09-16-1,5,horse,O,L,,,,3,2,1,O,O,True,5-1,,recorded-uninterpreted,,,,,not-applicable
2026-09-16,9/16/2026,1,12,12,2026-09-16-1,6,rim,L,O,,,,4,2,2,O,O,False,,,not-applicable,,,,,not-applicable
2026-09-16,9/16/2026,2,13,13,2026-09-16-2,1,shooting,O,L,,,,0,1,-1,,,,,,not-applicable,,,,,not-applicable
2026-09-16,9/16/2026,2,13,13,2026-09-16-2,2,three-point,L,O,,,,1,1,0,O,O,False,,,not-applicable,,,N/A,,not-recorded
2026-09-16,9/16/2026,2,13,13,2026-09-16-2,3,backboard,L,O,,,,2,1,1,L,L,True,,,not-applicable,,,,,not-applicable
2026-09-16,9/16/2026,2,13,13,2026-09-16-2,4,rim,L,O,,,,3,1,2,L,L,True,,,not-applicable,,,,,not-applicable
2026-09-16,9/16/2026,2,13,13,2026-09-16-2,5,bump,L,O,,,,4,1,3,L,L,True,5-3,,recorded-uninterpreted,,,,,not-applicable
