seriesId,date,session,round,L,O,margin
2026-08-07-1,2026-08-07,1,0,0,0,0
2026-08-07-1,2026-08-07,1,1,1,0,1
2026-08-07-1,2026-08-07,1,2,1,1,0
2026-08-07-1,2026-08-07,1,3,2,1,1
2026-08-07-1,2026-08-07,1,4,3,1,2
2026-08-07-1,2026-08-07,1,5,3,2,1
2026-08-07-1,2026-08-07,1,6,4,2,2
2026-08-08-1,2026-08-08,1,0,0,0,0
2026-08-08-1,2026-08-08,1,1,0,1,-1
2026-08-08-1,2026-08-08,1,2,0,2,-2
2026-08-08-1,2026-08-08,1,3,1,2,-1
2026-08-08-1,2026-08-08,1,4,2,2,0
2026-08-08-1,2026-08-08,1,5,2,3,-1
2026-08-08-1,2026-08-08,1,6,2,4,-2
2026-09-07-1,2026-09-07,1,0,0,0,0
2026-09-07-1,2026-09-07,1,1,1,0,1
2026-09-07-1,2026-09-07,1,2,2,0,2
2026-09-07-1,2026-09-07,1,3,3,0,3
2026-09-07-1,2026-09-07,1,4,4,0,4
2026-09-07-2,2026-09-07,2,0,0,0,0
2026-09-07-2,2026-09-07,2,1,0,1,-1
2026-09-07-2,2026-09-07,2,2,1,1,0
2026-09-07-2,2026-09-07,2,3,2,1,1
2026-09-07-2,2026-09-07,2,4,3,1,2
2026-09-07-2,2026-09-07,2,5,4,1,3
2026-09-10-1,2026-09-10,1,0,0,0,0
2026-09-10-1,2026-09-10,1,1,0,1,-1
2026-09-10-1,2026-09-10,1,2,1,1,0
2026-09-10-1,2026-09-10,1,3,2,1,1
2026-09-10-1,2026-09-10,1,4,2,2,0
2026-09-10-1,2026-09-10,1,5,3,2,1
2026-09-10-1,2026-09-10,1,6,3,3,0
2026-09-10-1,2026-09-10,1,7,4,3,1
2026-09-10-2,2026-09-10,2,0,0,0,0
2026-09-10-2,2026-09-10,2,1,1,0,1
2026-09-10-2,2026-09-10,2,2,2,0,2
2026-09-10-2,2026-09-10,2,3,2,1,1
2026-09-10-2,2026-09-10,2,4,2,2,0
2026-09-10-2,2026-09-10,2,5,3,2,1
2026-09-10-2,2026-09-10,2,6,4,2,2
2026-09-11-1,2026-09-11,1,0,0,0,0
2026-09-11-1,2026-09-11,1,1,1,0,1
2026-09-11-1,2026-09-11,1,2,1,1,0
2026-09-11-1,2026-09-11,1,3,1,2,-1
2026-09-11-1,2026-09-11,1,4,2,2,0
2026-09-11-1,2026-09-11,1,5,3,2,1
2026-09-11-1,2026-09-11,1,6,4,2,2
2026-09-11-2,2026-09-11,2,0,0,0,0
2026-09-11-2,2026-09-11,2,1,1,0,1
2026-09-11-2,2026-09-11,2,2,2,0,2
2026-09-11-2,2026-09-11,2,3,3,0,3
2026-09-11-2,2026-09-11,2,4,4,0,4
2026-09-11-3,2026-09-11,3,0,0,0,0
2026-09-11-3,2026-09-11,3,1,0,1,-1
2026-09-11-3,2026-09-11,3,2,0,2,-2
2026-09-11-3,2026-09-11,3,3,1,2,-1
2026-09-11-3,2026-09-11,3,4,2,2,0
2026-09-11-3,2026-09-11,3,5,3,2,1
2026-09-11-3,2026-09-11,3,6,4,2,2
2026-09-13-1,2026-09-13,1,0,0,0,0
2026-09-13-1,2026-09-13,1,1,1,0,1
2026-09-13-1,2026-09-13,1,2,2,0,2
2026-09-13-1,2026-09-13,1,3,2,1,1
2026-09-13-1,2026-09-13,1,4,2,2,0
2026-09-13-1,2026-09-13,1,5,3,2,1
2026-09-13-1,2026-09-13,1,6,4,2,2
2026-09-13-2,2026-09-13,2,0,0,0,0
2026-09-13-2,2026-09-13,2,1,0,1,-1
2026-09-13-2,2026-09-13,2,2,1,1,0
2026-09-13-2,2026-09-13,2,3,2,1,1
2026-09-13-2,2026-09-13,2,4,2,2,0
2026-09-13-2,2026-09-13,2,5,3,2,1
2026-09-13-2,2026-09-13,2,6,4,2,2
2026-09-16-1,2026-09-16,1,0,0,0,0
2026-09-16-1,2026-09-16,1,1,1,0,1
2026-09-16-1,2026-09-16,1,2,2,0,2
2026-09-16-1,2026-09-16,1,3,3,0,3
2026-09-16-1,2026-09-16,1,4,3,1,2
2026-09-16-1,2026-09-16,1,5,3,2,1
2026-09-16-1,2026-09-16,1,6,4,2,2
2026-09-16-2,2026-09-16,2,0,0,0,0
2026-09-16-2,2026-09-16,2,1,0,1,-1
2026-09-16-2,2026-09-16,2,2,1,1,0
2026-09-16-2,2026-09-16,2,3,2,1,1
2026-09-16-2,2026-09-16,2,4,3,1,2
2026-09-16-2,2026-09-16,2,5,4,1,3
